product-lines,product_line_literature,tokens
Agate,https://images.salsify.com/image/upload/s--CXEhNWKh--/uqia2mzecucb0kbmsmmu.pdf,571
Global Collection,https://images.salsify.com/image/upload/s--S21ksXxs--/dgrfzebc5evanveskowt.pdf,14344
Tozen,https://images.salsify.com/image/upload/s--6KVfQ-fS--/bl5utkeev9jar9gkzijb.pdf,653
Color Story,https://images.salsify.com/image/upload/s--yTHe9ggt--/n49x0fjlvzthnfyaouh1.pdf,5353
Euphoria,https://images.salsify.com/image/upload/s--h4cjzQvB--/kvx2g4qwrkuqrcvlgniz.pdf,1197
Retroactive 2.0,https://images.salsify.com/image/upload/s--sLJPtIB0--/c90qxazoulxf5aim1gs2.pdf,2712
Stellar Quickship,https://images.salsify.com/image/upload/s--bcIoI0Qe--/gmpouvrlvatox6tnan3t.pdf,1140
Cross Colors,https://images.salsify.com/image/upload/s--lm2_M03W--/zeqhvom4s5s3giusa9hc.pdf,2094
Tomei,https://images.salsify.com/image/upload/s--SsTTlVuH--/gwxqyemsfkklk58rb2bb.pdf,463
Muse,https://images.salsify.com/image/upload/s--MO6Upr4F--/ln7mwtgt7mxpqingxiuz.pdf,6125
Pure,https://images.salsify.com/image/upload/s--XfH7tLTa--/eoet8r9nk2cjskoj1coq.pdf,1296
Shibui,https://images.salsify.com/image/upload/s--wAYOoaki--/vdrtp6fowlaiwm9gwhfe.pdf,0
Industrial,https://images.salsify.com/image/upload/s--eOrc8sep--/mrgdrhtq8ovzwumozbhz.pdf,12591
Color Blox 2.0,https://images.salsify.com/image/upload/s--V6JNAhQ6--/xoydqg6hwevskhstlybk.pdf,2746
Dakota,https://images.salsify.com/image/upload/s--_f_nO8XC--/oj7hdb7ivmwrwiktqlfm.pdf,1205
Levante,https://images.salsify.com/image/upload/s--rF-d1sPN--/bpu6vd5j9atxbgbnepns.pdf,2865
B&W_Marble,https://images.salsify.com/image/upload/s--fhSlhvr8--/xotra7rq6jaozegzz1eq.pdf,8032
Glass Blox,https://images.salsify.com/image/upload/s---FjnYgTn--/euvabupnmfgbka9zdoef.pdf,2052
Shades 2.0,https://images.salsify.com/image/upload/s--Ggt2tXNw--/letsbq4p6plyxe7ut1pm.pdf,2585
Urban Living,https://images.salsify.com/image/upload/s---uFV9qXO--/siddyaqoi9eacmcqxstt.pdf,5565
6th Avenue,https://images.salsify.com/image/upload/s--QThQx_xF--/nalytkceolrae2duempw.pdf,4285
La Marca,https://images.salsify.com/image/upload/s--7-jsFvqP--/slghbi5ytds4hptnjnyg.pdf,11556
Habitat,https://images.salsify.com/image/upload/s--LlAK1SpE--/fcspjpsby0p6jtlm2q65.pdf,1759
Vihara,https://images.salsify.com/image/upload/s--d9s_V9lv--/g2mep7oq9q4sf2yeyajo.pdf,4133
Ebb &amp; Flow,https://images.salsify.com/image/upload/s--Tq1SIctz--/tt4cubkbykg5sbqr3pys.pdf,1607
Elements,https://images.salsify.com/image/upload/s--CbSaYmv7--/govonux1v1htxdoqj5xc.pdf,423
Astoria,https://images.salsify.com/image/upload/s--CAOicsfA--/nhidvvgfkcbiifuorl9q.pdf,2249
Rock Salt,https://images.salsify.com/image/upload/s--olCDQAP4--/h6rmxzwql19eqybsswzd.pdf,15839
Jem,https://images.salsify.com/image/upload/s--j8d-bIld--/bvt8skpauc0s2269tomz.pdf,5228
Pietra Di Ostuni,https://images.salsify.com/image/upload/s--H_0zahUp--/jtdxs3b3mcubfqgsparb.pdf,15924
Mayfair,https://images.salsify.com/image/upload/s--EOGlnIO2--/jsjeewni3sbvfmm795v7.pdf,9527
Plimatech,https://images.salsify.com/image/upload/s--9Em0-uF---/kvivh0h820v3gig9syhy.pdf,12228
Heritage Luxe,https://images.salsify.com/image/upload/s--yetlwnJd--/mktg7gokg9hd2kdohn5x.pdf,9208
Stellar,https://images.salsify.com/image/upload/s--TlA6L5qT--/khrb0tvidw4i00ogi2vi.pdf,3796
Lapis,https://images.salsify.com/image/upload/s---P-e8rX3--/i0g2vwcmt6p3sdbmtoki.pdf,349
Luce,https://images.salsify.com/image/upload/s--EyQfNk5j--/rakjazcuz3psebemknsg.pdf,324
Reverso,https://images.salsify.com/image/upload/s--zNNqdpLj--/wwlyfrnqa6odweibpqnx.pdf,6135
IN.CONTRO,https://images.salsify.com/image/upload/s--3NletliF--/l8mam0xsphgf4yx24soi.pdf,10365
Handwritten,https://images.salsify.com/image/upload/s--qkS6ATgl--/euzoiwcrlhlonviebo8p.pdf,1650
Bliss Element Glass,https://images.salsify.com/image/upload/s--1HbTRZJ5--/vzj1amwzgdp7xqmy2pyq.pdf,5588
Slab2,https://images.salsify.com/image/upload/s--nBY4HdJg--/z25mdxcgeogpmrbwzpie.pdf,15075
Earth,https://images.salsify.com/image/upload/s--hCKtzgf9--/cmsyvpfvnxvtm9qz9sqk.pdf,1460
Soapstone,https://images.salsify.com/image/upload/s--KPcALOLl--/wupzmzewcx2w0uvcdozo.pdf,9597
Shibusa,https://images.salsify.com/image/upload/s--LGhX3g_p--/jp3tm7nspdvbkppo0pzb.pdf,6741
Tomei Modules,https://images.salsify.com/image/upload/s--JnFTLI4T--/iuafcskjh2bobogiq0ij.pdf,243
Haisen,https://images.salsify.com/image/upload/s--NwiTlSpj--/an9l1z0s5rkugprhw9ap.pdf,312
TrueTones Ceramics,https://images.salsify.com/image/upload/s--wi8VutLR--/stww30f0mkozxil5lbei.pdf,356
Stone,https://images.salsify.com/image/upload/s--o46z45-7--/rcegobojn1woztqjavej.pdf,1953
Marmiline,https://images.salsify.com/image/upload/s--I30Hbvh9--/tw2kgreursd2ykl9fr9m.pdf,9618
Hustle,https://images.salsify.com/image/upload/s--8DZbTJYT--/ubibawsec9d9wvb1ir4z.pdf,3002
Cove,https://images.salsify.com/image/upload/s--oxzhIv_J--/mycejsif1lmcywpmqauk.pdf,6851
Cursive,https://images.salsify.com/image/upload/s--kIb-RVa9--/nlckgugjfqqevug7v29w.pdf,1852
EcoStone,https://images.salsify.com/image/upload/s--2qhzMt6---/rrbmez9hwrwincnoythz.pdf,4323
Modern Formation,https://images.salsify.com/image/upload/s--Xe-QLJyF--/emytzzah9h7zmdyvksme.pdf,2000
Notorious,https://images.salsify.com/image/upload/s--UoaluRSD--/l6xc4iiejuefwtvyewgi.pdf,1616
Color Story Mosaics,https://images.salsify.com/image/upload/s--JeZUDjhL--/hmnz5xwnxyiwh91gph7e.pdf,2752
Fray,https://images.salsify.com/image/upload/s--XDT09N_L--/t1yzjalvhhde21clixm7.pdf,5952
#NAME?,https://images.salsify.com/image/upload/s--a8c7HemV--/vvsj1etgbtbynychvylq.pdf,4658
Tommy Bahama,https://images.salsify.com/image/upload/s--MnmCLz84--/pnfp6shtjfqsxcvnadqy.pdf,1267
Nest,https://images.salsify.com/image/upload/s--ZhG_yuzR--/kxmm1oicnwvcu9scz2xp.pdf,1928
Neri,https://images.salsify.com/image/upload/s--LZPfu_VP--/dyxvyktamvnr30mfhbdr.pdf,3055
Gallery,https://images.salsify.com/image/upload/s--xEB0nEPO--/famowpdioi6unwvm8nyg.pdf,924
Civilization,https://images.salsify.com/image/upload/s--A0_U13Wj--/ndx5lmvxzk2uv9p0kdtd.pdf,2311
Farmhouse Living,https://images.salsify.com/image/upload/s--JqUBElQu--/wmxc9xestt1xcyvmzrfd.pdf,3681
Color By Numbers,https://images.salsify.com/image/upload/s--nIRqlcEC--/fcdydjydmu78ou92zxcy.pdf,1931
Color Appeal,https://images.salsify.com/image/upload/s--hOsC9CHP--/w8lf8c3dcsvxokjzwgrb.pdf,2606
Anima,https://images.salsify.com/image/upload/s--pHVKFlNs--/ehcvm8hh8gdbdttgb6jz.pdf,15750
Marbles,https://images.salsify.com/image/upload/s--NUBJJtlt--/nw7hlvq5zwlvit8axipr.pdf,3440
Colors,https://images.salsify.com/image/upload/s--NuwOXt44--/mfioph75vpeylcplsk6d.pdf,8341
More,https://images.salsify.com/image/upload/s--qn6d3CJK--/x2gnksq4xx9za6rmmr1z.pdf,4065
Cove Terra,https://images.salsify.com/image/upload/s--6cRfdJ9m--/gmadwiyinhijyf2qkhv5.pdf,6080
JAW (Just Add Water),https://images.salsify.com/image/upload/s--XvR8HoxM--/zuxhx9xotgxostbny28d.pdf,175
Waterjet Stone Mosaics,https://images.salsify.com/image/upload/s--c_eUblgg--/tcitbjyirp4hzbrkchf3.pdf,5031
Stones at Large,https://images.salsify.com/image/upload/s--HzViSwa7--/rtqvlhnmnnueml3ht5xt.pdf,2101
Moroccan Concrete,https://images.salsify.com/image/upload/s--nK7m0USU--/jdjdvgfpl3ealbckfkys.pdf,1993
Epic,https://images.salsify.com/image/upload/s--wZW0kped--/q1khogiakjiddz2hrqcn.pdf,3898
Portugal,https://images.salsify.com/image/upload/s--hSB2K7vD--/dgqgsgcyjhobwob7wn2b.pdf,2565
Ka-NÅ«,https://images.salsify.com/image/upload/s--ZOaBQf4V--/sbwif92j4dwlrtujl4tg.pdf,289
Scenes,https://images.salsify.com/image/upload/s--FXR-twjx--/wwjjamlluruivfycvwxy.pdf,9934
Shelter Island,https://images.salsify.com/image/upload/s--N-hxZ8oR--/jvesvri6k2wwkf4doup4.pdf,294
Shinju,https://images.salsify.com/image/upload/s--tBb2eTdT--/mtq8cuh4mkqv1utmoxhs.pdf,439
Theoretical,https://images.salsify.com/image/upload/s--UEm-GRPj--/nvvm5donzniqivtpsp6m.pdf,1674
Yin &amp; Yang,https://images.salsify.com/image/upload/s--Kges8fQN--/sbb27lcrfgzgitbmh0gq.pdf,3422
Mythique Marble,https://images.salsify.com/image/upload/s--xmOayksz--/xuxrp7awetic7wsuwg44.pdf,2588
Luxury,https://images.salsify.com/image/upload/s--xf4395Lx--/qkmj32f0pyehrwt5wyfq.pdf,3109
Onyx,https://images.salsify.com/image/upload/s--yjIX6Sp0--/hkn8zhnzdmhhzzbbjywe.pdf,2968
Stripes,https://images.salsify.com/image/upload/s--_zYSJv7w--/lxv4w3qecg9x7t0e3v8m.pdf,2568
Owen Stone,https://images.salsify.com/image/upload/s--E63j-wN---/wbfflfcrex8ejkzyzurz.pdf,2896
Mosa Stage,https://images.salsify.com/image/upload/s---Y1vyT7L--/uvjwzv6tdejlqhvas2px.pdf,8221
Faces,https://images.salsify.com/image/upload/s--6cY0z7Qt--/f903l8vms8h9ksa2oujh.pdf,3831
Groove Glass,https://images.salsify.com/image/upload/s--ZcFchPFz--/eixqe7quhmadrozenezp.pdf,1274
Core,https://images.salsify.com/image/upload/s--7dhB4_FO--/dwgius9kakopd5i968dc.pdf,13585
Native Metals,https://images.salsify.com/image/upload/s--k3xnyohe--/on1xamx71bhejrhwflj7.pdf,2505
Cladding Series,https://images.salsify.com/image/upload/s--Tf2T9eZE--/mxobd2kdd41h48tbqf7y.pdf,4564
I Naturali,https://images.salsify.com/image/upload/s--J0_-hd_G--/qbuh65o5uq4klfi5n61n.pdf,3316
Color Story Floor,https://images.salsify.com/image/upload/s--9Mmzx32n--/ar9gulhp2b7okk8nd6sx.pdf,1491
Artistic Reflections,https://images.salsify.com/image/upload/s--oTVq3NDW--/wgzrv1qyo6bgfxjnvszb.pdf,1609
Bestow,https://images.salsify.com/image/upload/s--5vJSkX8b--/rc7nfzjo7hnn9vucjkhs.pdf,3241
Infinity,https://images.salsify.com/image/upload/s--YZD66-Ca--/v6yyb00ds6kyagr7b6ky.pdf,5292
Pietta Donovan,https://images.salsify.com/image/upload/s--FOW7yDtj--/zxcl5hplgpeew4hrywqi.pdf,155
Luce,https://images.salsify.com/image/upload/s--HwCRrWWt--/dzvi1tpkyccdjcxklmfv.pdf,324
Form,https://images.salsify.com/image/upload/s--HDb9o21b--/bj5ewgkb1zuhvomymocv.pdf,6024
Beyond Calacatta,https://images.salsify.com/image/upload/s--XQ5pJPib--/mygrkiw6aaji47mjqepy.pdf,1540
Grace,https://images.salsify.com/image/upload/s--OI3l5W6X--/p5ultnzgks2b4ep78cc0.pdf,2543
Hero,https://images.salsify.com/image/upload/s--Ah4Jtvlz--/ro42hnjv8e71hutd8lgp.pdf,4528
Minimum,https://images.salsify.com/image/upload/s--7TXgyHfL--/ywmqbkmbnrvdaa2snsu0.pdf,1446
Plaster 2.0,https://images.salsify.com/image/upload/s--SsYLf0i4--/ybqqfahrmtulylrlbh1v.pdf,3656
Beljn,https://images.salsify.com/image/upload/s--goH4tuZV--/kwma5lg3k8g8omdfaor9.pdf,2353
Aspen,https://images.salsify.com/image/upload/s--GI9X_yxK--/lhrgpzln6vegc4unbr1d.pdf,4112
Clash,https://images.salsify.com/image/upload/s--cidKPj54--/rw1x2cbqrt8kzx33gyeu.pdf,11687
Classic,https://images.salsify.com/image/upload/s--EiJEOb0d--/ysuhb12ue2y14svy2kzz.pdf,2585
Lit,https://images.salsify.com/image/upload/s--jw7cntkM--/lzz5tut23rynpotwhjpm.pdf,7894
Savoir,https://images.salsify.com/image/upload/s--XP9Lyywh--/jbyx7duyytau5xowx2gq.pdf,1704
Harper,https://images.salsify.com/image/upload/s--wPFi9ork--/ewqh3wqlc2qgvmjhwurw.pdf,619
Mirazur,https://images.salsify.com/image/upload/s--OE-qkqt3--/q0jo2qkrmntarfwvj6ig.pdf,1806
Subtle Strands,https://images.salsify.com/image/upload/s--qNqRAF42--/es7yzxug0czomy0vby7v.pdf,1688
Shinju Mirai,https://images.salsify.com/image/upload/s--6gCrgdnx--/x4nohc6ugpvcontyj9bp.pdf,440
Materica,https://images.salsify.com/image/upload/s--TTdJUuAk--/nyw0nh3q0xz9nqhacpbm.pdf,13923
Kona,https://images.salsify.com/image/upload/s--FQHEC5bj--/lbb7h8kdbcihfq5tyzwg.pdf,1783
Basaltine,https://images.salsify.com/image/upload/s--qnDlFz8r--/t9d0oilsayjnqal5jazx.pdf,2777
Fez,https://images.salsify.com/image/upload/s--6fjqSa8V--/x8aoxdae0kgjoouwnfoq.pdf,3292
Stratos,https://images.salsify.com/image/upload/s--_qSvbi4B--/tbdih8civmn9odvgbtjy.pdf,2454
Cosmix,https://images.salsify.com/image/upload/s--I2qv3cGF--/on6hm8tlgreiu5zaelwq.pdf,6641
Aquarius,https://images.salsify.com/image/upload/s--Ay4kml-b--/ody4dbasjoisihthn0nz.pdf,1672
Beyond Dolomite,https://images.salsify.com/image/upload/s--TNGNfBUK--/kippuvpzxtaybv66xinn.pdf,1263
Rebels,https://images.salsify.com/image/upload/s--ooOywjU3--/qwgdlyukekpbxx3bbuz1.pdf,3331
Quarry Naturals,https://images.salsify.com/image/upload/s--4_BSC9Y5--/gsqbpzfvvazmyhtyy0m5.pdf,2780
Orleans,https://images.salsify.com/image/upload/s--6G4VdKUm--/a8346qneuxtszepo595w.pdf,2179
Forgehaus,https://images.salsify.com/image/upload/s--YfCibDX0--/th9vn39emyhbjapqsyo4.pdf,2024
Floor Brick,https://images.salsify.com/image/upload/s--Drwm7haV--/sabci85d27mb3duhuwoo.pdf,0
Bits,https://images.salsify.com/image/upload/s--0SKRSnfv--/rhzcauzbx1l7vrvzpegh.pdf,3512
Waves,https://images.salsify.com/image/upload/s--9K6PCrqW--/yl02xsr5kmzympvae9t0.pdf,6756
Historic Limestone,https://images.salsify.com/image/upload/s--Lytn7R2v--/fvq6hd0twwcie6kfnu54.pdf,2078
Element,https://images.salsify.com/image/upload/s--MZEUwrVR--/qlldppssqffbg5kjzblg.pdf,4366
Pathway,https://images.salsify.com/image/upload/s--WZdEO95m--/k7rj4azsktadguk8io9r.pdf,5732
Net Zero,https://images.salsify.com/image/upload/s--4CAzR9Di--/faqksno9r2sa5thp7gcv.pdf,3182
Alaska,https://images.salsify.com/image/upload/s--8IamBmHF--/qihdpzyjcls4t7ld0nhm.pdf,1718
Main Street,https://images.salsify.com/image/upload/s--vHQZMuVY--/eddrcpmkwzeveby8kq82.pdf,1815
Tycoon,https://images.salsify.com/image/upload/s--1mcfFg9Q--/fgmaawbokkyqd99wqtap.pdf,3589
Gradient,https://images.salsify.com/image/upload/s--i8BCQb-9--/hdw2eiwabu8f19wof22d.pdf,3398
Crafted,https://images.salsify.com/image/upload/s--H1E8PvvW--/k9c6ffgalhpwp1fub3k6.pdf,5414
Symphony,https://images.salsify.com/image/upload/s--IuFfJ5Ss--/smlfukgnzmofrzdtkowu.pdf,2312
Inner,https://images.salsify.com/image/upload/s--EACoWn1q--/cruty0vktfaubcxpdgmy.pdf,13626
Marble Obsession,https://images.salsify.com/image/upload/s--AZlYKLxF--/yjkwg3e8zz1fhbeaodde.pdf,2109
Swatches,https://images.salsify.com/image/upload/s--O0_GJJ3v--/j8hfqipvwnnmyotgkk2p.pdf,2773
Geometal,https://images.salsify.com/image/upload/s--rOYgYCpe--/tykh8zdapomcz7oh2m65.pdf,1062
Shift,https://images.salsify.com/image/upload/s--rQ9OKcA_--/hk3ekgzlabjk03ehzok3.pdf,1598
Twin Peaks,https://images.salsify.com/image/upload/s--37at4LZp--/eofwtshplzlnvo79qatc.pdf,3542
Onyx,https://images.salsify.com/image/upload/s--2WBtvwiI--/wcjksjtqhogrbmzc8evq.pdf,2968
Origami,https://images.salsify.com/image/upload/s---0NEV9EW--/xpzsvbyxxln5qyehopxk.pdf,378
Raster,https://images.salsify.com/image/upload/s--CCcLJobx--/jpb4ncxictgdgvo6lfo3.pdf,4093
Amelia,https://images.salsify.com/image/upload/s--hD18yfSI--/au4cvwg1waq5aygfv0vq.pdf,2759
Fayenza,https://images.salsify.com/image/upload/s--aJnVk5Tn--/jonssovdzgcgqj3snyd5.pdf,3605
Oslo,https://images.salsify.com/image/upload/s--8l9dO8LC--/yxsczcezpgfg7xcxhwdt.pdf,1870
Crafter,https://images.salsify.com/image/upload/s--h9I3FAGr--/vzscuyvnqi0uftsoyhnh.pdf,1730
Zellige Neo,https://images.salsify.com/image/upload/s--FN0ZhGHL--/jdchchwjp7gqktefylw8.pdf,1111
Breccia,https://images.salsify.com/image/upload/s--thd2-02M--/jhl3tzfhxa68kswuqxou.pdf,2673
Niles,https://images.salsify.com/image/upload/s--r76ANSES--/rrkl5bxfttta9r1ozr15.pdf,1591
Wow,https://images.salsify.com/image/upload/s--G2QtqT11--/z8zd3fy6hy2qgaydwmhn.pdf,8788
Tribeca,https://images.salsify.com/image/upload/s--05EnWR5E--/oqwwfwtru1iazchrpgx1.pdf,1855
Graphite,https://images.salsify.com/image/upload/s--oAvPLAjr--/qhq3z1gohlozte0ahhs8.pdf,306
Earth,https://images.salsify.com/image/upload/s--ZdspRHL5--/pxjggrovjcr9kwkxqwvd.pdf,1460
Solid,https://images.salsify.com/image/upload/s--N6UqqwGO--/ffd1sjoczlmxfmcpbxez.pdf,3964
Pebble,https://images.salsify.com/image/upload/s--uZpNn-Nm--/jbynfjm74eox4p8ilu9t.pdf,1864
Duquesa,https://images.salsify.com/image/upload/s--nYVxlWeu--/lulkds15mpassa15ooan.pdf,1550
Enso,https://images.salsify.com/image/upload/s--Ul4u7STt--/umksrgpevx8qfrbvtkxh.pdf,5476
Teramoda,https://images.salsify.com/image/upload/s--dfW2Q2vs--/whwuw0ks3tgzbcq5v5hp.pdf,3737
Love Affairs,https://images.salsify.com/image/upload/s--XNEI-OWN--/q1665ccisr2zbwjtludy.pdf,7137
Shimmer,https://images.salsify.com/image/upload/s--awEJFKh2--/resxybeihptwgi4o5gri.pdf,1466
Transit,https://images.salsify.com/image/upload/s--wyod81cF--/qnh2jaedkh2dpzw0yoph.pdf,701
Regina,https://images.salsify.com/image/upload/s--Q-uw2Raj--/ngpvs9gv3fj5p5svxb33.pdf,963
Union,https://images.salsify.com/image/upload/s--zw7cHz1A--/js8xvvlzcikkdhvrdmwe.pdf,1534
Bond,https://images.salsify.com/image/upload/s--7JFFh5dn--/r4butlmn27zcjdnmjrh3.pdf,6392
Moonstruck,https://images.salsify.com/image/upload/s--7aUVCoId--/efcfoiqzo4za2et5l1b1.pdf,1446
Clay Canvas,https://images.salsify.com/image/upload/s--5Vjo8Z9V--/s5yplz1v7u1jsjejaaxe.pdf,1431
Mirasol,https://images.salsify.com/image/upload/s--CJxkZr3b--/wbqvan8cfmzntni1b6yu.pdf,1736
Twister,https://images.salsify.com/image/upload/s--Dsf-BLA9--/uqj73kdqezsbczrouodo.pdf,3593
Melrose,https://images.salsify.com/image/upload/s--8UC-avqD--/fa5cxtsmlqii2azsajh7.pdf,1514
Artezen,https://images.salsify.com/image/upload/s--7rwV3-kk--/uv5unmxp4zbnghgrv0bw.pdf,1299
Exist,https://images.salsify.com/image/upload/s--6RqeYmIR--/gsjdojxkc2a91ql9snkz.pdf,3563
Lith,https://images.salsify.com/image/upload/s--IVhVGtRj--/vkixtp5u0db8ymhwezrg.pdf,3368
Ellington,https://images.salsify.com/image/upload/s--LFdur2HR--/ignjgvzqqdr17hxtwqpw.pdf,2718
Link,https://images.salsify.com/image/upload/s--bz3pYtKj--/sdb8eg4pxl4bg8gh8tso.pdf,4670
Chicago,https://images.salsify.com/image/upload/s--ZI76Tsea--/ejccdh2u3wccsgtdaads.pdf,6953
Mestizaje,https://images.salsify.com/image/upload/s--HTRh7ggw--/c5yrkcjkreuwscogccfw.pdf,4712
Boho,https://images.salsify.com/image/upload/s--a7AS5Y1R--/ykgzvu15jgagromicupl.pdf,3865
Theoretical Bold,https://images.salsify.com/image/upload/s--xKma8ty2--/ijyijfbvsrdzoxqnu6ve.pdf,1288
Andalucia,https://images.salsify.com/image/upload/s--4GFd0x6U--/wnd9zfpqhkhzv7rtzm6p.pdf,1809
Trajectory,https://images.salsify.com/image/upload/s--1DsqXc33--/rqqr9lfbefieqytvgicd.pdf,2025
Attitude,https://images.salsify.com/image/upload/s--B7ItxYdX--/oyphq3tr1muey6lvhghd.pdf,2695
Liberty,https://images.salsify.com/image/upload/s--zmTf9E67--/y1gemjpk39tau5wbnatr.pdf,4298
Biyusai,https://images.salsify.com/image/upload/s--HU5GBR3l--/dv9bbvmirnc6aaflxf8q.pdf,421
Playscapes,https://images.salsify.com/image/upload/s--tjTp5OAQ--/ksammdimse8vtav3zdtx.pdf,1362
Neoconcrete,https://images.salsify.com/image/upload/s--iV8GLMii--/dmsp7verllnad79ws7p5.pdf,1707
Antico,https://images.salsify.com/image/upload/s--oFKodW1g--/ajezx9x9gfjnwygqvpqb.pdf,3832
Mjork,https://images.salsify.com/image/upload/s--A8MeU8PA--/xkwkbofgermukt2hnesa.pdf,4441
Watercolors,https://images.salsify.com/image/upload/s--UamoQF5R--/mtophuckvy6ttjxoinpn.pdf,339
Vesuvio,https://images.salsify.com/image/upload/s--arpopacB--/u3uqlsz8b5ijb6hhxex9.pdf,351
Nolita,https://images.salsify.com/image/upload/s--DwBsfRpM--/yxeagor7vevfve1riwhc.pdf,8457
Las Playas,https://images.salsify.com/image/upload/s--7EsqefUF--/ifeci1clonfyj49ad8w0.pdf,3648
Reflex,https://images.salsify.com/image/upload/s--OMv8bphc--/mraeg0nvkpjvkxluhk4f.pdf,3750
Bianco Venatino,https://images.salsify.com/image/upload/s--bjm_r0XX--/ilwmtlew30kvdlnjdshc.pdf,1367
Industria,https://images.salsify.com/image/upload/s--Fz5lHz3P--/x5xdiyzjx0dtxhihzooi.pdf,3840
Brownstone,https://images.salsify.com/image/upload/s--9a_cg4md--/wz9ouwcigoug4mtleoq2.pdf,1085
Cascade Glass,https://images.salsify.com/image/upload/s--OL-asuIi--/yc4jw5lx1erzwwrrrnfq.pdf,972
Texiture,https://images.salsify.com/image/upload/s--Ri6OwSNF--/uief17fwjx1b2mfbuujw.pdf,3208
Origin,https://images.salsify.com/image/upload/s--HsoXxatG--/ciemi6so9jqm9e19a07g.pdf,4758
Illusionist,https://images.salsify.com/image/upload/s--xZ6o3W1---/ltrwffpeyhvbvoxbolh8.pdf,1640
La Terrazza,https://images.salsify.com/image/upload/s--z1nfAFLY--/k4ie94cq4fmawzhe5w1v.pdf,656
Lava Glass,https://images.salsify.com/image/upload/s--ViF8pBHL--/qi8iqyk365csjddeayw4.pdf,0
Marblique,https://images.salsify.com/image/upload/s--ntejVtL6--/iw5bouuonku5zxazjzv3.pdf,2072
Basalto,https://images.salsify.com/image/upload/s--NBtXs6Sx--/bc6bgmgcgsi3ylervv9w.pdf,1483
Fiesta,https://images.salsify.com/image/upload/s--FfwaBgJK--/mdxh0o155w0ssqnmmdxt.pdf,1979
Eon,https://images.salsify.com/image/upload/s--c-7p86ae--/pww0frtu6muaaosv6uac.pdf,4931
In-Side,https://images.salsify.com/image/upload/s--vyKdxf-s--/r0bz3z93yt0ectd6hjpb.pdf,2205
Classentino Marble,https://images.salsify.com/image/upload/s--ta6DPdcj--/qsxb9dywqzdadpntfbhi.pdf,2113
Concert,https://images.salsify.com/image/upload/s--7gF7DNsY--/xzxrh2j9zfwoiukauiwn.pdf,5553
Tangent,https://images.salsify.com/image/upload/s--kbvixhRd--/faspoyg2tjnevtaqfbej.pdf,6911
Meet,https://images.salsify.com/image/upload/s--KWC49hLe--/sxuduh800sphs7iallxz.pdf,13743
Altered State,https://images.salsify.com/image/upload/s--T7XjiHuQ--/wuyvvvrxfv2mzvxwxsco.pdf,1752
Tesserae,https://images.salsify.com/image/upload/s--jNgVNk4r--/hpnghzaxvu6fafhbeccg.pdf,4602
Run,https://images.salsify.com/image/upload/s--FyYGeqa7--/wwdmxdfpftltcvzp8j3n.pdf,4096
Solstice,https://images.salsify.com/image/upload/s--l73GJZUR--/mwfozkrprkxcjyk3ppfy.pdf,1877
Outland,https://images.salsify.com/image/upload/s--rt3bELtd--/duxoap74c9xxx34ew8oy.pdf,3428
Linen,https://images.salsify.com/image/upload/s--SGe-gXkh--/lkvf9a8h4pxzjxlhnsem.pdf,286
Nomad,https://images.salsify.com/image/upload/s--Ty4eXoVU--/yzndozobnv52fahkafzi.pdf,1232
Stone Fiction,https://images.salsify.com/image/upload/s--FaNfiBj7--/tgohzqasghdwnlrea2ky.pdf,2158
Neospeck,https://images.salsify.com/image/upload/s--TPCZCBi5--/httlmtsd9uwcs93sorhk.pdf,1631
Ready To Wear,https://images.salsify.com/image/upload/s--6L2bU6hS--/sajrjggdusfnqzb3qm4p.pdf,1557
Forge,https://images.salsify.com/image/upload/s--rm1kMMFC--/ta6pf9fejfvvuql4ab1o.pdf,3080
Foyer,https://images.salsify.com/image/upload/s--I8mcHY0U--/tokwzyys1rtas5zaih4c.pdf,1799
Stone Theory,https://images.salsify.com/image/upload/s--BUXKb3vt--/wecjc6zs6jhaknzynln4.pdf,2248
Stoneways,https://images.salsify.com/image/upload/s--k2td7AxK--/ngpxkwc5xrugarftvltg.pdf,4860
Regency,https://images.salsify.com/image/upload/s--bPfHFO8Q--/ck1amjsgcnzpz7p4mdg5.pdf,3804
Creativo,https://images.salsify.com/image/upload/s--yUrHPQid--/txqr86hjr0lzblnsxpae.pdf,1757
Uniche,https://images.salsify.com/image/upload/s--MuiunCvO--/wnbaaxxtnlwdpwa51kh2.pdf,1591
Rice,https://images.salsify.com/image/upload/s--wbLFKvlm--/ytmlsx6ols7fswnfb15f.pdf,4638
D_Segni,https://images.salsify.com/image/upload/s--PFlVz1oi--/ptxkb4m4kkkftikksr4c.pdf,1427
Precept,https://images.salsify.com/image/upload/s--aI97jFUe--/rnoopnjlortwx0qvoz7g.pdf,3951
Chadwick,https://images.salsify.com/image/upload/s--ATBAOqEO--/iizrsbdi6z8xszkyce0o.pdf,2196
Nova,https://images.salsify.com/image/upload/s--ctSUFnys--/prbyjfd1fio1kvyiylfg.pdf,4103
Eramosa Series,https://images.salsify.com/image/upload/s--ujhyhDRa--/a2me5lghiqmdrfoxcaxo.pdf,3086
Gotham,https://images.salsify.com/image/upload/s--OLqPLGnb--/amak0cv5aqtqqnab3tqb.pdf,1612
Eterna Bianco,https://images.salsify.com/image/upload/s--wkoK1_kO--/hu9h4k5hw1cnm98yazt6.pdf,1541
Point and Dash,https://images.salsify.com/image/upload/s--4z3YZUns--/hparpjio6gonpv0zpek2.pdf,3009
Emersyn Lane,https://images.salsify.com/image/upload/s--0oczHEry--/vpocy968ywoztjrfmdop.pdf,718
TrueTones Porcelain,https://images.salsify.com/image/upload/s--snbQ1jkp--/c0eeprj5fwk2n3fxzthh.pdf,1337
Rift,https://images.salsify.com/image/upload/s--79DmvB1z--/qzumtybfm3rxz8gvjave.pdf,3509
Random Series,https://images.salsify.com/image/upload/s--YHr6l3Vg--/nk8xr6dwh6tjwczrtacf.pdf,1040
Mud,https://images.salsify.com/image/upload/s--hnX3dHKD--/bk1fuelczwlatoawxbcq.pdf,3329
Sweet Bars,https://images.salsify.com/image/upload/s--jWvLs_Wh--/msqupgpcgd4wqvk2ubol.pdf,3298
Deco Solutions,https://images.salsify.com/image/upload/s--mU9jgU4z--/ftp4ftwfbcyxrmq1plov.pdf,13017
Trilogy,https://images.salsify.com/image/upload/s--UBFAFOij--/mrdchucslcdz4hwjpmac.pdf,3392
Mood Wood,https://images.salsify.com/image/upload/s--lktnyrdb--/fodazjd8hi9cbkowiqyc.pdf,3172
Quarry Tile/Sure Step,https://images.salsify.com/image/upload/s--5gtwpzpw--/hvfbqyrnmlfnhkeabl3p.pdf,1673
Rift,https://images.salsify.com/image/upload/s--bCIO7ojr--/j5hixjkj65hloestemze.pdf,3509
Evolution,https://images.salsify.com/image/upload/s--8bvpWFdb--/juucpkknmmsuvclu8gex.pdf,1157
Sabbia Marmo,https://images.salsify.com/image/upload/s--pByHFWTl--/m3wsxghxo0wh6uikvvfq.pdf,1562
Modern Oasis,https://images.salsify.com/image/upload/s--QvLBafJL--/tfkju0aqkn35rqd2vybd.pdf,1682
Roots,https://images.salsify.com/image/upload/s--IqiOXRcG--/lwvhwnyqmhdm64r7shz7.pdf,4970
Malena,https://images.salsify.com/image/upload/s--5BRIUYOv--/ge275krz07domq9dgg8k.pdf,2948
Marlow,https://images.salsify.com/image/upload/s--9PiRsTZf--/ocskhx4vecsfwzsouddq.pdf,2580
Speakeasy,https://images.salsify.com/image/upload/s--CzhXgnja--/gpby8do5rtaqvpzicpp2.pdf,1220
Zera Annex,https://images.salsify.com/image/upload/s--t7xSGl3H--/qkjahklnyjum4oitfan2.pdf,2962
Layers,https://images.salsify.com/image/upload/s--7UTM5jFq--/f0lqyarmvysqy3w6sbc6.pdf,2306
Java Joint,https://images.salsify.com/image/upload/s--DM6iWbmG--/gwsp5kgoikxkdzq2afcy.pdf,1636
Foundry26,https://images.salsify.com/image/upload/s--3Ku6jLoh--/rykqpc0hq3vmdyzzx1w7.pdf,2258
Basalt,https://images.salsify.com/image/upload/s--QWaMzhRA--/pygnm7v6as9o4xc2o7tx.pdf,1143
Rustic Stone,https://images.salsify.com/image/upload/s--CY3DoasQ--/tzxyauvtee5k7515e24l.pdf,2480
Station,https://images.salsify.com/image/upload/s--EQvfNTU0--/zd1orjvmr8sjpfasl2ae.pdf,3308
Style,https://images.salsify.com/image/upload/s--hZCx_eyv--/ufts93jz6n00rlgpjvct.pdf,5087
Ridge,https://images.salsify.com/image/upload/s--wh1yW3BD--/id70busn3fnwj7cams5r.pdf,2245
Matt Collection,https://images.salsify.com/image/upload/s--NPZ1R65h--/e3st24hfyqjx6to0a9uf.pdf,7851
INYO,https://images.salsify.com/image/upload/s--AB2jRpbJ--/c0mfokn1bxycihhw6fdb.pdf,1664
Gubi,https://images.salsify.com/image/upload/s--lMQlOb-i--/wxdamk92mnigfl2zi1mk.pdf,667
Sideview Glass,https://images.salsify.com/image/upload/s--LDETTqvd--/rtwhhpw4wnt2w8zvskbe.pdf,1909
Montesano,https://images.salsify.com/image/upload/s--61xrpFt8--/mshk9gx6ko3gj3q43zbi.pdf,1563
Zellige Hexa,https://images.salsify.com/image/upload/s--GV9E6jGZ--/rrfttvkhaub1rnstydct.pdf,2871
Absolute,https://images.salsify.com/image/upload/s--WbfMVOBu--/giyz8phqrfpgful8qlho.pdf,2380
Cotto Revival,https://images.salsify.com/image/upload/s--GuWw6gdb--/sxei7bgloe1rgkulpz03.pdf,1877
Countertops,https://images.salsify.com/image/upload/s--m5Eq3xKT--/mxzzetkslccegcasbc3p.pdf,6365
Impero Reale,https://images.salsify.com/image/upload/s--sQJfN_hD--/pk8lymlo7nyso7sx99tp.pdf,1330
Place,https://images.salsify.com/image/upload/s--ozitEaPw--/na75qcmitrt24rr3hyo3.pdf,2385
Casbah,https://images.salsify.com/image/upload/s--C5QKRDAb--/y1dqa7zaizp5eyfnljf5.pdf,3254
Boundless,https://images.salsify.com/image/upload/s--yVZ7KrCv--/k91lweszxx9mnorfoniy.pdf,1303
Tahoe,https://images.salsify.com/image/upload/s--yljoaFV4--/mjyscg5cnpws5nu7zh7y.pdf,3060
Zoetic,https://images.salsify.com/image/upload/s--yvpUfOxp--/mgw2ejeyrrdqc7dzhyyy.pdf,4737
Reservorio,https://images.salsify.com/image/upload/s--u1mq3FNY--/bztebs2g4baiz9ywnghw.pdf,1980
Bejmat,https://images.salsify.com/image/upload/s--1p4ahJdd--/oqfdir9fldbcrsymdofz.pdf,3971
Refined Metal,https://images.salsify.com/image/upload/s--hmagk2II--/paqid0spllx1f7hcjdw1.pdf,1367
Slaty,https://images.salsify.com/image/upload/s--TnnOInWm--/klvqzh10gsk61tw8xuxz.pdf,2496
Textile,https://images.salsify.com/image/upload/s--q5LbvDoz--/sk87o4sxdovfia8zxoeh.pdf,355
Aquarelle,https://images.salsify.com/image/upload/s--VlnOeL7W--/mzq5q3pbmfmqcxb5s4dq.pdf,2869
Alchemist,https://images.salsify.com/image/upload/s--YtL-4uLD--/slmrln0fuuykutkf3txj.pdf,3345
Serentina,https://images.salsify.com/image/upload/s--Y4KDzqp---/dzgcnc8ht5zcst1kqsuk.pdf,1160
Acurve,https://images.salsify.com/image/upload/s--9AvxRY6e--/o62tvk5m2anafnbvigz2.pdf,1562
Glow,https://images.salsify.com/image/upload/s--rFzBvF4l--/rqg2vkkrrsbajtbanhw9.pdf,2870
Lodge,https://images.salsify.com/image/upload/s--4JgWHmMb--/blbqr9ajcpnk59t7pa79.pdf,2278
Multiplier,https://images.salsify.com/image/upload/s--rOKc8wfr--/tw37rwmlafyujwmyp9pe.pdf,1616
Austere,https://images.salsify.com/image/upload/s--L8xzbRXD--/xffnmpmoq8c26atodcre.pdf,1622
Memory Oak,https://images.salsify.com/image/upload/s--73Bu0Rqh--/c89m7awfkn3dbnanoycg.pdf,608
Opal 3D,https://images.salsify.com/image/upload/s--bMoQPSt_--/cvejopjw9kyyaovzjzha.pdf,1540
Dolomiti,https://images.salsify.com/image/upload/s--l2cO50pI--/mkj9tqs2knngkpwbu5jl.pdf,7325
Cava,https://images.salsify.com/image/upload/s--PeDwOln6--/ofw2qtha0auft9jipfth.pdf,8228
Lounge 14,https://images.salsify.com/image/upload/s--k8a44uBr--/n49a1eyb8ttyw5bqzyod.pdf,1947
Calacatta,https://images.salsify.com/image/upload/s--tPJX7ptK--/pnklubp8zqpuo5cqvvy1.pdf,3687
Encaustic Echoes,https://images.salsify.com/image/upload/s--bcrvBgmm--/uzo0auj91vakyc9bmvnr.pdf,560
Yohen Border,https://images.salsify.com/image/upload/s--hqwgBQ8l--/sbn1mevhzd7jg9jpsea0.pdf,450
Questep,https://images.salsify.com/image/upload/s--bFTyRIZ_--/r6fofgqlmzgfjwu9slpp.pdf,1584
Potters,https://images.salsify.com/image/upload/s--2ErqoR6j--/yapku0fhdllbhmrf1xvm.pdf,2786
Foussana,https://images.salsify.com/image/upload/s--ZXb_LoDM--/qgplmbwd1wwfuzeweah0.pdf,4934
Block,https://images.salsify.com/image/upload/s--_o4ZUp9N--/h2vykieamaoc1w1qvhnx.pdf,1154
Costa Clara,https://images.salsify.com/image/upload/s--QlorZKYY--/dry0ppkmecjpsnwpgoxm.pdf,638
Mardi,https://images.salsify.com/image/upload/s--gZ3AxI51--/nzmczahl0njajv2mcywr.pdf,543
Cotto Moderno,https://images.salsify.com/image/upload/s--ZBASOvjq--/iivebd3hq1f4cfjy0qbl.pdf,1967
Belgica,https://images.salsify.com/image/upload/s--l_Cv5SKj--/umdu18wspnlgzljsxgnb.pdf,3196
Milestone,https://images.salsify.com/image/upload/s--OwGQrzmh--/inqu1r2qugsnd8kzi2la.pdf,2511
South Beach,https://images.salsify.com/image/upload/s--03JhVKPZ--/fhqqt3twzjmsk572nuvm.pdf,1588
Wide,https://images.salsify.com/image/upload/s--zgqjnu99--/sjzbdi4d3pvlx4oiyhtg.pdf,4068
Visual Impressions,https://images.salsify.com/image/upload/s--d0sqrorZ--/e8ehrgv8j0efguynmcbp.pdf,1083
Danya,https://images.salsify.com/image/upload/s--qcFPQoG3--/quauhypky7eqnwbwfbb1.pdf,1695
Atelier,https://images.salsify.com/image/upload/s--7o2p59gg--/vpma75koefuul8ji9elc.pdf,2690
Hi-Wood,https://images.salsify.com/image/upload/s--7hIhx41r--/dutps0dlycsagtiexqf4.pdf,7350
Midpark Mosaics,https://images.salsify.com/image/upload/s--S9AW_AuB--/bypjtmnoygv3xhh5gsca.pdf,1123
Hike,https://images.salsify.com/image/upload/s--S2EW3gIA--/jkira6mz53ingnexzgaj.pdf,12495
Abbey Stone,https://images.salsify.com/image/upload/s--wVcqKCmX--/l55ln28x40sbifscdqon.pdf,4482
Redeem,https://images.salsify.com/image/upload/s--hrsViGKI--/kfy7nvkywwuqszv56ijz.pdf,2755
Keaton,https://images.salsify.com/image/upload/s--ESFROdBk--/mpksisj6prloromk9oas.pdf,2556
Rhyme and Reason,https://images.salsify.com/image/upload/s--scPnSHsx--/wx9vthcoa3ppdmwql6gx.pdf,1199
Fokos,https://images.salsify.com/image/upload/s--1Snb5osp--/d41vwx2h8xz7fpz0vnkc.pdf,2479
Pillar,https://images.salsify.com/image/upload/s--Nc-qzJsc--/jwrgocqu4tftnbxgb76t.pdf,4473
Pop Culture,https://images.salsify.com/image/upload/s--UEMCyUzS--/ho1a7wqalmp7lysbfslj.pdf,542
Hawthorne,https://images.salsify.com/image/upload/s--AXrInuIL--/bxikappkkcd7pigl4ufb.pdf,1593
Color Perspectives,https://images.salsify.com/image/upload/s--oWgwFJfC--/iljd65omgrvi6scr9xuw.pdf,1093
Hygge,https://images.salsify.com/image/upload/s--5EXoZzbL--/kzppa9ocn3pkrqtxpdom.pdf,1702
Villa D'Oro,https://images.salsify.com/image/upload/s--nLpMEdc2--/tdavykimoabtx8xlnfok.pdf,703
Homeland,https://images.salsify.com/image/upload/s--PhImqQ7F--/fhqd2kuzppgxcwtztkse.pdf,2963
Serene Ivory,https://images.salsify.com/image/upload/s--quTXQGcW--/ydvbtwuyrmlzebjoizzv.pdf,1347
Pietra Gris,https://images.salsify.com/image/upload/s--9KgcomXJ--/f4czbfmqcn2va2jyxsnp.pdf,497
Sereno Burgundy,https://images.salsify.com/image/upload/s--vsHoHbyq--/ju1qpplh466d8u012neo.pdf,1366
Castellina,https://images.salsify.com/image/upload/s--up7HXp4n--/sqawqplpojjw7wz7w2ig.pdf,1470
Duo,https://images.salsify.com/image/upload/s--qrzc2cr5--/irz3x6bsx9yq3ftmu1qc.pdf,2821
Whisper,https://images.salsify.com/image/upload/s--esket-6z--/nfvpof6kzewxqwirutht.pdf,4024
Calce,https://images.salsify.com/image/upload/s--Jrp7ntmL--/nydat5xjucr7443kvmo8.pdf,2140
Pottery,https://images.salsify.com/image/upload/s--YkR0frDD--/czrujzzvsgtk6ez3svdk.pdf,2962
Namibia,https://images.salsify.com/image/upload/s--smk7Sbsc--/pqk9icpmexjdusyybayx.pdf,10
Step In,https://images.salsify.com/image/upload/s--QXfMlB4J--/c070fpnfumcffz4yuilm.pdf,4150
Devotion,https://images.salsify.com/image/upload/s--jJKNWM6M--/x2kctbowh5g3yfl3uheb.pdf,3353
Life,https://images.salsify.com/image/upload/s--2XmKGX48--/ajvaxsfxptj3c631iut8.pdf,14747
Path,https://images.salsify.com/image/upload/s--D4173ENA--/ttlgladbrmj9g7hyxsli.pdf,2031
60 Degrees,https://images.salsify.com/image/upload/s--QqYx-Fbh--/qt7qwvnkpxrvvy349etg.pdf,4196
Gea,https://images.salsify.com/image/upload/s--R-Zms5_c--/txjqrul0eeedplky4cul.pdf,3388
Color Story Pinstripes,https://images.salsify.com/image/upload/s--ZKU5Geas--/qmc794ip9yni0yqgedbq.pdf,1536
Jet,https://images.salsify.com/image/upload/s--uCG66q7J--/uuvrcnqsfeunlwtdxjoi.pdf,1538
Nature,https://images.salsify.com/image/upload/s--Z2jS8HR8--/xg9iarjlsdnqgf2rnxlh.pdf,6013
Eden,https://images.salsify.com/image/upload/s--3i5Eqetp--/mzzjvlden4meauuxjjay.pdf,2089
Tierra Halo,https://images.salsify.com/image/upload/s--sjCQS9KM--/lawv2nabewynahrsamna.pdf,1302
Impressions,https://images.salsify.com/image/upload/s--iLIMP1_w--/q99h6tmqewvksqieqzyv.pdf,1320
Ecocarat Granas Raxa,https://images.salsify.com/image/upload/s--FHYnYj9F--/dyo4l39czuznnrjb9soc.pdf,434
Arenella,https://images.salsify.com/image/upload/s--rgOndv5k--/gefsqosyvcloz6e6f6dt.pdf,1567
Area 51,https://images.salsify.com/image/upload/s--FW5gKG_X--/cbzumlxc5ci1ommiyeue.pdf,2257
Aqua Intenso,https://images.salsify.com/image/upload/s--4GGA7RPN--/qeleqvhldxch5yy0td98.pdf,1352
Persuade,https://images.salsify.com/image/upload/s--o3i-QIQc--/ip8g3zhrvojgvmjp0twc.pdf,1231
Viola Roccia,https://images.salsify.com/image/upload/s--WLvWQ9-9--/gpmixewi7m5qy1tigdzs.pdf,1355
Presario,https://images.salsify.com/image/upload/s--69MKkFD3--/hw6uy2bgfht743hfwuun.pdf,1620
Cosmo Lumino,https://images.salsify.com/image/upload/s--oMIE3XaM--/jpn2h40ps3cfytxv6iux.pdf,1398
Core,https://images.salsify.com/image/upload/s--FyKQyMZ5--/wlcumfcmjrx3q57zfs97.pdf,13585
Profiles Series,https://images.salsify.com/image/upload/s--qVhi77HR--/djzyf2nhm3tysgifxvlg.pdf,754
Cava,https://images.salsify.com/image/upload/s--HpC8YGzb--/fxa5hbdqurgeexb6k90p.pdf,8228
Six,https://images.salsify.com/image/upload/s--ZHI3NaD_--/qwn4fsrdrljbichjs3k0.pdf,3015
Arthis,https://images.salsify.com/image/upload/s--5Rh9Ka3i--/zi0bd633jott23esobrd.pdf,12907
American Estates,https://images.salsify.com/image/upload/s--9qJ5usTs--/bkzzr7p7vuhtf3oyf7zf.pdf,939
Rochester,https://images.salsify.com/image/upload/s--gnJQ8HOf--/ghzbdjoe6refcxxc79ce.pdf,1714
Pietra Bello,https://images.salsify.com/image/upload/s--97KRd7_K--/wpbnsnkr6ocj9nzn9kvi.pdf,4081
City Bricks,https://images.salsify.com/image/upload/s--0MjpXx83--/rbsqfvrrz242uwz2gdrs.pdf,537
Materika,https://images.salsify.com/image/upload/s--cudJa-y8--/njbtpeoz70b6qtabtb3i.pdf,936
Taboo,https://images.salsify.com/image/upload/s--dajdanBw--/jimidsz5lq23ia3lb4lj.pdf,814
Avorio Crema,https://images.salsify.com/image/upload/s--Oh4PARnU--/cfib15ojgc1dvmyhjtud.pdf,1277
Loft,https://images.salsify.com/image/upload/s--BwTLlfoh--/lutghpbv65hvpyajzdv9.pdf,2443
Sunset Falls,https://images.salsify.com/image/upload/s--a1V9UbGY--/cth2juukjesbkqx9lqci.pdf,1574
Urban Essence,https://images.salsify.com/image/upload/s--zao4POLv--/nsbclpwq4p6wa2qurkfr.pdf,1572
Fletcher,https://images.salsify.com/image/upload/s--2HO3TWyu--/ea32k1uqrfrr7p8iijsd.pdf,1686
AEXTRA20 Pavers,https://images.salsify.com/image/upload/s--2YAwwZTB--/xhvvupxet0ab4rimdyl6.pdf,13559
Rue Pierre,https://images.salsify.com/image/upload/s--jT2jegZU--/asklaum9adpsrazuuwvn.pdf,1887
Anciano Grigio,https://images.salsify.com/image/upload/s--ih1wrBhl--/fo51vrslmy1kdwsow2hw.pdf,1292
Ascend Stone,https://images.salsify.com/image/upload/s--kZln4-eb--/ethaqknfytphi21qzo1o.pdf,1018
Quartz,https://images.salsify.com/image/upload/s--xw-h6Cak--/xnteyomkdstj5umtup5h.pdf,623
Boho,https://images.salsify.com/image/upload/s--W6JdhrCG--/oe4dh2gcstv7vw8eyk0m.pdf,3865
Classics Tide,https://images.salsify.com/image/upload/s--WnoZo4Mw--/qscb5gbbrbamcv0vokd4.pdf,7207
Middleton Square,https://images.salsify.com/image/upload/s--nXHEbuDb--/lldhgepaa9ox1sofhx1y.pdf,821
Floor Tile,https://images.salsify.com/image/upload/s--4vCbr-aw--/tuqptbvvpd4kznr8l3wi.pdf,3705
Coastal Effects,https://images.salsify.com/image/upload/s--cDHWM5LI--/goibviwzoleovtwgqua0.pdf,1116
Collection,https://images.salsify.com/image/upload/s--VSmua2Nu--/dcisimcnsovehwcdrcp5.pdf,2584
Urban District Brx,https://images.salsify.com/image/upload/s--FryqwI4d--/ujfbaau55wmgmuap72bh.pdf,2063
Stardust,https://images.salsify.com/image/upload/s--Ekao31Dy--/z8amjqzfvnbxjeulnznz.pdf,3128
Touch,https://images.salsify.com/image/upload/s--Eu-qwcXD--/m8jaezlsf6xombxb5a8c.pdf,471
Hosowari Border,https://images.salsify.com/image/upload/s--Z7aVqLXM--/ihqzl1hywjcc6q7dpyyb.pdf,293
Abound,https://images.salsify.com/image/upload/s--NhSqSohk--/dsdghznpemzjwhfj0gih.pdf,1753
Hammer,https://images.salsify.com/image/upload/s--BBJDTtEG--/vdo99my6igpv0czfhjpo.pdf,2991
Everson,https://images.salsify.com/image/upload/s--wWdZFLo7--/i2mjdy3xdgti7pw1e064.pdf,538
Brickell,https://images.salsify.com/image/upload/s--CvjB0zF_--/aos1hlgxw4l8hb1idlwn.pdf,503
Snippet,https://images.salsify.com/image/upload/s--ZMfAfQQe--/hsnxalr6523cvhh97fcz.pdf,1549
Cottage,https://images.salsify.com/image/upload/s--Z3P_Wy8e--/dw5gufaxekmsew1fm44c.pdf,3122
Scenario,https://images.salsify.com/image/upload/s--STBsyCBQ--/xoh9nelyesav7hhvsysf.pdf,1236
Volcana Notte,https://images.salsify.com/image/upload/s--V1LaD53d--/xca9hpiqpgxzvt2gk1bd.pdf,1222
Classica,https://images.salsify.com/image/upload/s--UpSckDzE--/de94edsygx0vs5e1irrv.pdf,2208
Enchant,https://images.salsify.com/image/upload/s--UpISD4Ar--/qgwn4zt9eyemifumbvco.pdf,4240
Fabula,https://images.salsify.com/image/upload/s--0aZb5Pbv--/qi9mv3ekf6m0bzczc3xi.pdf,11356
Ravine,https://images.salsify.com/image/upload/s--5KZUXNNM--/fgh0rlcnte29euopdt9a.pdf,1742
Accent Bleu,https://images.salsify.com/image/upload/s--HqmY9W55--/e6hme3tdwzy8id3r2lta.pdf,1899
Harmony,https://images.salsify.com/image/upload/s--3cJwCZtu--/vzdvgnzj3ixtfezp2k3b.pdf,1489
Lilac Volta,https://images.salsify.com/image/upload/s--nXXNIQII--/l4a2qkwvjeqekybuoj0d.pdf,1159
Flow,https://images.salsify.com/image/upload/s--8PJyLbBz--/wprzsgy5qbar7u7ajo9o.pdf,2981
Basalto Scuro,https://images.salsify.com/image/upload/s--FZlAamCG--/j4jpnccg8dpcppmojn1g.pdf,626
Aqua - Wellness,https://images.salsify.com/image/upload/s--Ax1rCABf--/vedihj9yymciqxzuhpu7.pdf,3678
Creekwood,https://images.salsify.com/image/upload/s--e5Yz91zN--/itxsrm3pqgcv8onwkafg.pdf,1055
Bloor,https://images.salsify.com/image/upload/s--SzoxY7SJ--/htbjyl18n3veow1ctwq2.pdf,611
Wyndham,https://images.salsify.com/image/upload/s--r1sxz_gD--/v01hqa9ev4pr0wjpsiaq.pdf,646
Elle Floor,https://images.salsify.com/image/upload/s--RXg9wPRZ--/xc6d0fskphh5j5ir0il8.pdf,3366
Luminescence,https://images.salsify.com/image/upload/s--GkfRMCoJ--/ruzbrczgtyy5umirbfmo.pdf,797
Galaxia Nero,https://images.salsify.com/image/upload/s--P08pLiVd--/ms1u6uhnemos9ooinfh6.pdf,1224
Catalina,https://images.salsify.com/image/upload/s--HN7LxzwG--/gg0vbguhp2syjvi9geyg.pdf,683
Historia,https://images.salsify.com/image/upload/s--MrMdm13h--/miwampojhhba7o4rlotd.pdf,1476
Concrete Chic,https://images.salsify.com/image/upload/s--IG8aNg0d--/iutvindaxu23d3wc56te.pdf,1180
American Olean Bathroom Accessories,https://images.salsify.com/image/upload/s--Gvz8JQ2r--/vmylzfzkrnvzerskymxg.pdf,2282
Knoxwood,https://images.salsify.com/image/upload/s--IgEBSZrK--/t2f2j7sbjxnkxmxvmzo5.pdf,1151
Apollo Argento,https://images.salsify.com/image/upload/s--4oxGJrFO--/uedz8wmezdvnis2lddfu.pdf,1158
Revive,https://images.salsify.com/image/upload/s--U2n4z0Iu--/hmctjbvrfng6fj3h8bff.pdf,2021
Ecocarat Vele,https://images.salsify.com/image/upload/s--fDOx9CBf--/hjucnxybyiozpnzbjbkj.pdf,360
D_Segni Terrazzo,https://images.salsify.com/image/upload/s--kF9uHKtW--/whhmaoe8rb5aifvblgxn.pdf,814
Laurel Heights,https://images.salsify.com/image/upload/s--kb3WZIJz--/zocomivttrnbojujhjjv.pdf,1645
Convergence,https://images.salsify.com/image/upload/s--YItbd49b--/sm6jlsnf8iabxm5cffki.pdf,1161
Bliss Stainless Steel-Stone-Glass Mosaics,https://images.salsify.com/image/upload/s--oRgEKXNl--/iyoltx36aobrappqakgy.pdf,713
Oxide,https://images.salsify.com/image/upload/s--ijvrQqId--/jdebzdvf5erdusnlu5nx.pdf,2749
Perspecta,https://images.salsify.com/image/upload/s--mabbp6f5--/q8fpwbrnonogdr2ukwct.pdf,1216
Alterations,https://images.salsify.com/image/upload/s--6Pvl_7Ad--/sn3qvlttofhezwswedlv.pdf,1198
Cromo Bianco,https://images.salsify.com/image/upload/s--1gsKxG9h--/k5ygx1birhvpmqdmzowu.pdf,1211
Virtue Bianco,https://images.salsify.com/image/upload/s--SYgDsG2k--/uplmhaxsf9xsqw5fmddw.pdf,1134
D_Segni Color,https://images.salsify.com/image/upload/s--3kGi14Ya--/slhyguxcurmykq65jvyc.pdf,800
Strada Mist,https://images.salsify.com/image/upload/s--_RXDzkDJ--/nqjvdtyqw9bbvvb5n4zv.pdf,1115
Tuscano Rosso,https://images.salsify.com/image/upload/s--y5NG4SB1--/m8w2fbvgme0bo2af9iqm.pdf,1113
Moscato Argento,https://images.salsify.com/image/upload/s--42BDdRku--/sqjtveeyzwnn38vohahk.pdf,1205
Silver Ash,https://images.salsify.com/image/upload/s--HLpLY7Cs--/xvloia6beqq3debks1k0.pdf,1141
Diosa Verde,https://images.salsify.com/image/upload/s--ZvTK6PJG--/iwabq8lghrb1i8xznmxg.pdf,1243
Velutto Ash,https://images.salsify.com/image/upload/s--PE8fUnaE--/mhdbqzg4j5u7wce7stum.pdf,1220
Gemma Mystique,https://images.salsify.com/image/upload/s--obDBxm2K--/lc9fxez3heoyyovx315j.pdf,1198
Bellina,https://images.salsify.com/image/upload/s--pkJNYeV7--/ms3wajdmxs1yegwuyliz.pdf,2672
Classics Kho Liang Ie,https://images.salsify.com/image/upload/s--RHyBA_mI--/hsbpi7orglhbibdai4zc.pdf,3920
Conrad Brick,https://images.salsify.com/image/upload/s--_Y7tM264--/yu3lfbsgnpnrmuvci9h4.pdf,1122
Ritz Gray,https://images.salsify.com/image/upload/s--dc8wrsOc--/cozcvxdrq7xcjffh0xwt.pdf,1207
Aura Fresca,https://images.salsify.com/image/upload/s--7t9TSxmJ--/xsaqzmrpxtzjtalpccno.pdf,1197
Precision Ceramic,https://images.salsify.com/image/upload/s--oOLiyxFi--/xewtkv9uerlrhvelnxzq.pdf,616
Candora Stone,https://images.salsify.com/image/upload/s--uvmxAYfb--/slxluj5wkagonpf1e7wo.pdf,1327
Get,https://images.salsify.com/image/upload/s--yXLOImf0--/qbrmlw4srjaqhuod134p.pdf,1922
Jet Stone,https://images.salsify.com/image/upload/s--O-K65Usp--/b9olfpsodismadajpfka.pdf,1421
Clarasea,https://images.salsify.com/image/upload/s--hUHlCyZm--/f62l8emstmizjov2hii5.pdf,1543
Sairin,https://images.salsify.com/image/upload/s--_K91iDRY--/o34dctmvhltls6jh30ux.pdf,301
Malta,https://images.salsify.com/image/upload/s--IZGs8XcO--/r3emrvjpaygplgoi1ye8.pdf,464
Stark Carbon,https://images.salsify.com/image/upload/s--8ZuZYHFp--/fxncfqppltoxdr2pnupu.pdf,1077
#NAME?,https://images.salsify.com/image/upload/s--RP7Xvqhz--/we5930n4hvur9z4zs5ir.pdf,4658
4Earth,https://images.salsify.com/image/upload/s--xsHLtppn--/ihsvskir3ykdzoorttnu.pdf,2145
Sands,https://images.salsify.com/image/upload/s--JFAE_VBW--/nxrbc8weekqvnku2hpzf.pdf,3334
Island Timber,https://images.salsify.com/image/upload/s--DTRx0tU3--/np8tduwrqn2ur3je7juc.pdf,609
Opus Anticato,https://images.salsify.com/image/upload/s--hjcJwtw2--/noex2xgsfq90zf8pvp4b.pdf,605
Ecocarat New Trance,https://images.salsify.com/image/upload/s--6yNbOU82--/chctgltrnpwttulxw2bw.pdf,403
Ecocarat Roughsawn,https://images.salsify.com/image/upload/s--L2BBdIrL--/m21uuz5wjebah4bqaiie.pdf,334
Native,https://images.salsify.com/image/upload/s--qVWW6xru--/wdcvmh3jkwukqvzzciii.pdf,2447
Cavatina,https://images.salsify.com/image/upload/s--qa8_mDZw--/gosroua6viqjldubj3sa.pdf,1262
Ossido,https://images.salsify.com/image/upload/s--Kxd-6hvD--/esrumdbu9fjfq9lz9gaj.pdf,2292
Ecocarat Vintage Oak,https://images.salsify.com/image/upload/s--e63aaJgY--/m9mswkdybgyiote4c67m.pdf,462
Drops,https://images.salsify.com/image/upload/s--w_H3ttYj--/i4tpfcdckxzj16iasufr.pdf,2952
Primstone,https://images.salsify.com/image/upload/s--mkcy7RNi--/mid1pnrb2vpch3kyftv8.pdf,1614
Obsidian,https://images.salsify.com/image/upload/s--YUGfW8wU--/tf7w8d4dfa0obtb3xsl4.pdf,1828
Serliana,https://images.salsify.com/image/upload/s--PHeN-cc9--/bcpifmkcwhdh53agc8jf.pdf,884
Emotion,https://images.salsify.com/image/upload/s--rBLv6gqO--/nm8r4sesm0lj5vbvfdnw.pdf,2068
Historic Bridge,https://images.salsify.com/image/upload/s--4DXu48rJ--/fuszcsayt6d11dzzmb3i.pdf,1111
Vellagio,https://images.salsify.com/image/upload/s--T-kj4rxL--/n4ftg5wwuacx8zyvvoht.pdf,1272
Merit,https://images.salsify.com/image/upload/s--3yTXVgD4--/ungr42tjs6mzo0xftff4.pdf,1297
Stainless Steel,https://images.salsify.com/image/upload/s--dNYhN3Yz--/tbcexkydockqaeljmgrq.pdf,1616
Filo,https://images.salsify.com/image/upload/s--f3sM8kSY--/v0t00rg302dndp7q0t5g.pdf,2296
Biseau,https://images.salsify.com/image/upload/s--aC5Pmgso--/lj8z27fjtvvr31uedg50.pdf,892
Puzzle,https://images.salsify.com/image/upload/s--RTzzkisA--/vuulpighjr1gdm4qpyrb.pdf,3043
Patina Glass,https://images.salsify.com/image/upload/s--SC_OQWZS--/xj5qhul37cg2uuomj1f6.pdf,613
Lacquered Wood,https://images.salsify.com/image/upload/s--H9HHSJx6--/okuaqgkgfsblxmxsoiog.pdf,2198
Polycon,https://images.salsify.com/image/upload/s--ynm3HMUB--/yjjowrfcqci9xaslflq9.pdf,234
Bryson Valley,https://images.salsify.com/image/upload/s--VhiW_WPq--/r21doqi4j5t2chpqjsla.pdf,1248
Sukabumi - Wellness,https://images.salsify.com/image/upload/s--xFeqctFB--/mxnn2z9anndhhjd5mtdr.pdf,3393
Waterwood,https://images.salsify.com/image/upload/s--xAVVwXDr--/uzqzrqchyp8r8x4c8y36.pdf,1265
Edgewood,https://images.salsify.com/image/upload/s--xgW13szk--/hvpztyirubqxc9drv8sy.pdf,715
Sentousai,https://images.salsify.com/image/upload/s--0UEzwv_m--/undcbq2it2yrjcesbqiq.pdf,315
Preservation,https://images.salsify.com/image/upload/s--Laf-jacQ--/ayzmfomaudzbywrsrrh0.pdf,758
Aquata,https://images.salsify.com/image/upload/s--UuuYVZDP--/hkcemonk1sf50ftqkkas.pdf,871
Tabula,https://images.salsify.com/image/upload/s--9QEUXBMq--/obm7zqvmwo679wnkvfik.pdf,3983
Marrakesh,https://images.salsify.com/image/upload/s--SAPt6DE4--/lcpafkoogcvua59p62hq.pdf,2190
Pier,https://images.salsify.com/image/upload/s--v5Ie05rE--/hlcrvi65scamv06ycg1c.pdf,1840
Icon,https://images.salsify.com/image/upload/s--iKRQ8QlL--/iudwcp51jdq6nrizwlzh.pdf,6039
Chateau Reserve,https://images.salsify.com/image/upload/s--jtVvjyd5--/cl2jap5fkqpqx6kbh3yj.pdf,1611
Ecocarat Granas Vague,https://images.salsify.com/image/upload/s--uSX1q4L_--/muaawlt3h4unwb0ghxbz.pdf,581
Merona,https://images.salsify.com/image/upload/s--WNkKvanl--/qqlmkmwxmajfkzyqv9ua.pdf,1247
Madoka-R,https://images.salsify.com/image/upload/s--TliAsTxt--/lq5kincezzy2de18euna.pdf,238
Solid Stone Series,https://images.salsify.com/image/upload/s--ti_OL8bO--/zz7olj0mwddd2rsf7poo.pdf,715
Treverk Soul,https://images.salsify.com/image/upload/s--P_bYPLe6--/b17km5afdfqzfdt97qxp.pdf,1213
Marble - Wellness,https://images.salsify.com/image/upload/s--nbeMOOgG--/tndorputvzsopt0zlm5y.pdf,3302
Fragments,https://images.salsify.com/image/upload/s--K-LqAUdy--/uxazpmvh1aopmyvqyk6c.pdf,371
Yuki Border,https://images.salsify.com/image/upload/s--MsR_IQy0--/rczwbwrr8ehth0foj50s.pdf,284
Blend,https://images.salsify.com/image/upload/s--Hd7y7Tgg--/cpz4ya0vpxq7tzvesyjm.pdf,2220
Homura,https://images.salsify.com/image/upload/s--kJjXs9ve--/xnwiltv2v1mhbknhabtp.pdf,221
Frio,https://images.salsify.com/image/upload/s--V5x2S2Ay--/qbjed39u9w2xgxrimqac.pdf,926
Ombre Border,https://images.salsify.com/image/upload/s--UMr6unNu--/cxcasvtc9ct6jklntrem.pdf,238
Seta,https://images.salsify.com/image/upload/s--2L7v3sH2--/tdlvrdwf8b1ryy7e2vtw.pdf,2131
Izumo,https://images.salsify.com/image/upload/s--wLUN5P6O--/qbs1zlaoi4zfx2bcomo8.pdf,206
Thassoglass,https://images.salsify.com/image/upload/s--mOO4ebYu--/z4k8fdamcxofddccyca1.pdf,510
Impresa,https://images.salsify.com/image/upload/s--yvWMBSpw--/bzcsbkinykkgff860op1.pdf,1460
Arcaico Border,https://images.salsify.com/image/upload/s--KHi6zEP7--/uyvw1qgayjt2yipekq4w.pdf,294
2x1 Mosaic,https://images.salsify.com/image/upload/s--kqqSnMQ2--/iwsoxtqldvy899kbr5a3.pdf,370
Rhythmic II,https://images.salsify.com/image/upload/s--XM4_4wBV--/mlgika78prvrkhdu0qu4.pdf,245
Bathroom Fixtures,https://images.salsify.com/image/upload/s--XrGD0bUn--/xhg2v8gllnmsxwyudjyh.pdf,1230
Format Mix,https://images.salsify.com/image/upload/s--s2h51J5y--/mvrn1yucezrlewirs0lh.pdf,461
Crosswood,https://images.salsify.com/image/upload/s--dIY6kEQA--/nt2cvjvvyl6zkp3kuf0x.pdf,783
Avalon,https://images.salsify.com/image/upload/s--Jaj9dnlz--/bvirwpk1s5usolgklu6a.pdf,1309
High Ridge,https://images.salsify.com/image/upload/s--3b2Qrzrl--/cs33tke78edrueegcsmh.pdf,595
Illusions,https://images.salsify.com/image/upload/s--xXY0tRpK--/e1csyk7qfvxs27txnhty.pdf,461
Crochet,https://images.salsify.com/image/upload/s--D0CcW_62--/zopjcadoqhqwvgtdmdbd.pdf,233
Hikkaki,https://images.salsify.com/image/upload/s--jpznmtgr--/vjevynn71bzrmxpf4y0k.pdf,370
